dog_code,Dirofilaria,Agey,Sex,Mental,HR,RR,MM,CRT,temp_F,BCS,WBC,LYM,LYMPER,MID,MIDP,GRAN,GRANP,RBC,HGB,HCT,MCV,MCH,MCHC,RDW,PLT,MPV,SEG,BAND,LYMP,MONO,EOSIN,BASO,VARLYM,hhid,communidad,waypoint,latitude,longitude,GPS_lat,GPS_long,longitude,altitude
PN001-101,Neg,4,F,Alert,100,.,Normal,Normal,109,7,18,12.2,67.8,2.8,15.7,3,16.5,6.07,13.3,38.3,63.1,21.9,34.7,19.7,296,0,72,3,16,5,4,.,.,PN001,Pueblo Nuevo,8.897914 -79.962367 151.11724300379825 16,8.897914,-79.962367,8.897711123,-79.96212704,-79.962367,151.117243
PN001-102,Neg,3,M,Alert,88,.,Pale,.,100,6,11.2,7.4,65.7,2.3,20.4,1.6,13.9,6.87,16.6,47.6,69.3,24.2,34.9,16.2,224,10.6,73,0,17,7,3,0,.,PN001,Pueblo Nuevo,8.897914 -79.962367 151.11724300379825 16,8.897914,-79.962367,8.897711123,-79.96212704,-79.962367,151.117243
PN002-103,Neg,8,M,Very slightly depressed,96,Slightly labored,Muzzle,Muzzle,101.2,2,19.8,15.7,79.3,2.8,13.9,1.3,6.8,4.28,10.7,28.4,66.3,25,37.7,19.7,153,0,32,0,60,4,4,0,.,PN002,Pueblo Nuevo,8.900336 -79.962997 243.8402325611991 16,8.900336,-79.962997,8.900149036,-79.96293498,-79.962997,243.8402326
PN003-104,Neg,3,M,Slightly depressed,60,Labored,Pink and moist,Normal,102.4,1,17.3,8.8,50.6,3.8,22.1,4.7,27.3,4.79,9.7,27.3,57,20.3,35.5,19.2,137,0,50,0,34,2,14,0,.,PN003,Pueblo Nuevo,8.900019 -79.962907 154.9881044036193 16,8.900019,-79.962907,8.900053985,-79.96316004,-79.962907,154.9881044
PN004-105,Neg,1,M,Alert,120,Normal,Pale,Muzzle,104.2,3,12.9,7.1,55.3,3.1,24.4,2.6,20.3,5.73,11.6,32.1,56.1,20.2,36.1,18.2,109,0,55,0,25,6,14,0,.,PN004,Pueblo Nuevo,8.899833 -79.961928 117.87566559337428 32,8.899833,-79.961928,8.899835972,-79.96203996,-79.961928,117.8756656
PN004-106,0,2,M,Alert,92,Normal (32),Normal,Muzzle,101.7,3,14.8,10.6,71.5,2.7,18.2,1.5,10.3,6.49,14.1,41.1,63.3,21.7,34.3,17.2,159,0,67,0,27,3,3,0,.,PN004,Pueblo Nuevo,8.899833 -79.961928 117.87566559337428 32,8.899833,-79.961928,8.899835972,-79.96203996,-79.961928,117.8756656
PN004-107,Neg,5.5,M,Normal,112,24,Muzzle,Muzzle,102.5,4,14.7,8.5,.,2.6,.,3.6,.,6.8,14.2,43,53.7,66,33,.,.,0,57,1,14,9,19,0,.,PN004,Pueblo Nuevo,8.899833 -79.961928 117.87566559337428 32,8.899833,-79.961928,8.899835972,-79.96203996,-79.961928,117.8756656
PN004-108,0,2,M,Alert,76,28,Muzzle,Muzzle,102.2,4,13.3,6.6,49.8,2.9,21.7,3.8,28.5,6.72,14.3,39.6,59,21.3,36.1,18.4,231,0,45,0,38,3,14,0,.,PN004,Pueblo Nuevo,8.899833 -79.961928 117.87566559337428 32,8.899833,-79.961928,8.899835972,-79.96203996,-79.961928,117.8756656
PN004-109,Neg,5.5,M,Stressed,80,92,Muzzle,Muzzle,103.5,4,17.8,6.6,37.1,4.2,23.7,7,39.2,0,16.6,0,65.2,0,0,17.1,0,0,67,0,6,8,17,2,.,PN004,Pueblo Nuevo,8.899833 -79.961928 117.87566559337428 32,8.899833,-79.961928,8.899835972,-79.96203996,-79.961928,117.8756656
PN004-110,Neg,10,M,Alert,108,Normal,Muzzle,Muzzle,102.9,2,31.7,18,56.7,9.8,30.8,4,12.5,3.67,7.4,20.2,55,20.2,36.6,20.6,233,0,72,4,12,8,4,0,.,PN004,Pueblo Nuevo,8.899833 -79.961928 117.87566559337428 32,8.899833,-79.961928,8.899835972,-79.96203996,-79.961928,117.8756656
PN004-111,Neg,4,F,Alert,64,Normal,Muzzle,Muzzle,102.1,2,11.2,7.2,64.2,2.7,24.5,1.3,11.3,5.67,12.2,35,61.7,21.5,34.9,15,175,0,66,0,24,4,6,0,.,PN004,Pueblo Nuevo,8.899833 -79.961928 117.87566559337428 32,8.899833,-79.961928,8.899835972,-79.96203996,-79.961928,117.8756656
PN005-112,Neg,5,M,Alert,84,Normal,Muzzle,Muzzle,101.5,5,19.3,12.4,64.3,3.7,19.2,3.2,16.5,5.6,11.7,34.4,61.4,20.9,34,18.8,57,0,31,1,44,12,12,0,.,PN005,Pueblo Nuevo,8.900028 -79.962849 163.26160959993302 48,8.900028,-79.962849,0,0,-79.962849,163.2616096
PN006-113,Neg,1,M,Alert,64,Normal,Muzzle,Muzzle,102.5,3,0,0,0,0,0,0,0,0,0,0,0,0,0,0,0,0,0,0,0,0,0,0,.,PN006,,,,,,,,
PN007-114,Neg,8,M,Alert/stressed,80,Normal,Muzzle,Muzzle,102,5,17.4,9.7,56,2.8,16.3,4.8,27.7,6.8,15.5,47.1,69.2,22.8,32.9,15.2,255,8.5,65,0,14,2,19,0,.,PN007,Pueblo Nuevo,8.965205 -79.54728 0 56.84700012207031,8.965205,-79.54728,8.90492999,-79.96939098,-79.54728,0
PN008-115,Neg,NA,M,Alert,136,64,Muzzle,Muzzle,102.6,4,16.9,12.4,73.4,2.7,16.1,1.8,10.5,6.68,15.8,46.9,70.2,23.7,33.7,15.9,69,0,62,0,25,3,10,0,.,PN008,Pueblo Nuevo,8.898497 -79.962674 174.99527112685038 16,8.898497,-79.962674,8.89846704,-79.96247096,-79.962674,174.9952711
PN008-116,Neg,3,M,"Alert/very angry, very stressed",.,.,Muzzle,Muzzle,.,4,0,0,0,0,0,0,0,0,0,0,0,0,0,0,0,0,0,0,0,0,0,0,.,PN008,Pueblo Nuevo,8.898497 -79.962674 174.99527112685038 16,8.898497,-79.962674,8.89846704,-79.96247096,-79.962674,174.9952711
PN009-117,0,5,M,Alert,128,Normal,Muzzle,Muzzle,103.2,4,0,0,0,0,0,0,0,0,0,0,0,0,0,0,0,0,0,0,0,0,0,0,.,PN009,,,,,,,,
PN011-118,0,10,M,Alert,68,Normal,0,0,102.2,5,18.1,10.6,58.8,3.7,20.7,3.7,20.5,6.55,14.1,43,65.7,21.5,32.8,17.1,122,0,51,5,18,3,23,0,.,PN011,,,,,,,,
PN012-119,Neg,,,,,,,,,,,,,,,,,,,,,,,,,,,,,,,,,,,,,,,,,
PN012-120,Neg,,,,,,,,,,,,,,,,,,,,,,,,,,,,,,,,,,,,,,,,,
PN013-121,Neg,4,M,NA,120,.,.,.,103.2,6,12.1,7.4,60.9,2.1,17.5,2.6,21.6,0,15.8,0,61.3,0,0,17.9,0,0,25,0,57,4,14,0,.,PN013,Pueblo Nuevo,8.891723 -79.962051 182.9739137039167 8,8.891723,-79.962051,8.89082199,-79.96229603,-79.962051,182.9739137
PN013-122,Neg,6,F,Alert,104,Normal,.,.,101.6,5,24.5,16.3,66.4,4.3,17.5,3.9,16.1,5.82,13.8,41.3,70.9,23.7,33.4,16.2,149,0,67,0,23,0,10,0,.,PN013,Pueblo Nuevo,8.891723 -79.962051 182.9739137039167 8,8.891723,-79.962051,8.89082199,-79.96229603,-79.962051,182.9739137
PN014-123,Neg,1,M,Alert,120,Normal,0,0,103,3,7.3,4.5,61.1,1.7,23.3,1.1,15.6,5.26,9.8,28.8,54.7,18.6,34,18.6,31,0,80,0,12,4,4,0,.,PN014,,,,,,,,
PN014-124,Neg,4,M,Alert,152,Normal,0,0,104.1,2,6.8,5.2,76.3,1.1,15.8,0.5,7.9,4.78,8.1,24.1,50.5,16.9,33.6,17,46,0,73,0,17,4,6,0,.,PN014,,,,,,,,
PN014-125,Neg,0.5,M,"Stressed, aggressive",120,Normal,0,0,103.3,1,15.7,11.1,70.5,2.9,18.6,1.7,10.9,4.55,9.2,27.8,61.2,20.2,33.1,16.1,15,0,55,0,33,5,7,0,.,PN014,,,,,,,,
PN014-126,Neg,10,M,Alert,100,0,Pale,Normal,102.5,4,6.4,4.1,64.4,1.7,26.8,0.6,8.8,2.86,6.5,18.3,64,22.7,35.5,17.3,120,0,75,2,10,7,6,0,.,PN014,,,,,,,,
PN015-127,Neg,4,M,"Alert, slightly stressed",104,Normal,Pale,.,103,4,0,0,0,0,0,0,0,0,0,0,0,0,0,0,0,0,0,0,0,0,0,0,.,PN015,Pueblo Nuevo,8.891383 -79.96668 195.9710859862227 24,8.891383,-79.96668,8.891104041,-79.966763,-79.96668,195.971086
PN016-128,Neg,2,F,Alert,80,Normal,Normal,Normal,102.6,4,17.2,13.9,81.1,2.3,13.6,0.9,5.3,4.2,9.6,28.3,67.3,22.9,33.9,16,96,0,63,0,31,2,3,1,.,PN016,,,,,,,,
PN017-129,Neg,NA,F,Alert,100,Normal,Normal,Normal,101.7,5,22.1,13.9,62.9,3.5,16,4.7,21.1,5.95,14.1,44.1,74.1,23.7,32,15.4,134,0,59,0,35,0,6,0,.,PN017,Pueblo Nuevo,8.895854 -79.962268 205.15928732612798 12,8.895854,-79.962268,8.896009969,-79.96215999,-79.962268,205.1592873
PN017-130,Neg,2,F,Alert,88,Normal,.,.,101.5,4,9.2,6.7,73.3,1.3,14.6,1.1,12.1,4.58,10.4,32.6,71.2,22.7,31.9,15.8,52,0,69,0,29,2,0,0,.,PN017,Pueblo Nuevo,8.895854 -79.962268 205.15928732612798 12,8.895854,-79.962268,8.896009969,-79.96215999,-79.962268,205.1592873
PN017-137,Neg,5,M,Stressed,88,.,Muzzle,Muzzle,101.9,4,.,.,.,.,.,.,.,.,.,.,.,.,.,.,.,.,.,.,.,.,.,.,.,PN017,Pueblo Nuevo,8.895854 -79.962268 205.15928732612798 12,8.895854,-79.962268,8.896009969,-79.96215999,-79.962268,205.1592873
PN018-131,Neg,0.4,m,Alert,168,Normal,Normal,Normal - bright,104.7,4.5,14.1,10.3,73.4,3,21,0.8,5.6,4.02,8.2,25.2,62.6,20.4,32.5,17.1,15,.,62,.,34,1,2,1,.,PN018,Pueblo Nuevo,8.896275 -79.961415 197.3268737698852 16,8.896275,-79.961415,8.895991025,-79.961341,-79.961415,197.3268738
PN018-132,Neg,.,M,Alert,108,.,.,.,102.5,5,11.2,6.9,61.9,2.3,20.2,2,17.9,5.07,11.2,35,69.1,22.1,32,15.9,12,0,43,0,44,3,10,0,.,PN018,Pueblo Nuevo,8.896275 -79.961415 197.3268737698852 16,8.896275,-79.961415,8.895991025,-79.961341,-79.961415,197.3268738
PN019-133,0,1.5,M,Alert,0,0,0,0,0,6,0,0,0,0,0,0,0,0,0,0,0,0,0,0,0,0,0,0,0,0,0,0,.,PN019,,,,,,,,
PN020-134,Neg,5,M,Alert,100,Normal,Normal,Normal,102.6,4,11.1,7.1,64,2,17.6,2,18.4,6.54,14,43.6,66.6,21.4,32.1,17.8,58,0,68,0,24,6,1,0,1,PN020,Pueblo Nuevo,8.89029 -79.96479 197.05450566616776 12,8.89029,-79.96479,8.890231987,-79.96472502,-79.96479,197.0545057
PN021-135,0,1,M,Alert,150,Normal,Pale,0,103.3,2,9.1,6.7,73.9,1.3,13.8,1.1,12.3,4.34,9.7,30.5,70.2,22.4,31.8,17.7,80,0,49,0,32,9,10,0,.,PN021,,,,,,,,
PN021-136,0,2,M,"Alert, stressed",112,Coughing,0,0,101.7,4,15.2,10.1,66.5,2.3,15.4,2.8,18.1,6.67,14.3,45.6,68.3,21.4,31.4,16.2,203,0,47,4,31,2,16,0,.,PN021,,,,,,,,
PN022-138,Neg,3,M,"Alert, scared",117,.,.,.,101.9,5.5,15.8,12.6,79.6,2.2,14.1,1,6.3,6.49,14.2,44.3,68.2,21.9,32.1,15.6,23,0,79,0,13,7,1,0,.,PN022,Pueblo Nuevo,8.8986 -79.961797 160.5478508158575 8,8.8986,-79.961797,8.898458993,-79.961615,-79.961797,160.5478508
PN023-139,Neg,3,M,"Alert, stressed",124,0,Muzzle,Muzzle,101.6,6,0,0,0,0,0,0,0,0,0,0,0,0,0,0,0,0,0,0,0,0,0,0,.,PN023,,,,,,,,
PN023-140,0,4,F,NA,0,0,0,0,0,0,0,0,0,0,0,0,0,0,0,0,0,0,0,0,0,0,0,0,0,0,0,0,.,PN023,,,,,,,,
PN024-141,Neg,2,M,"Alert, angry",108,Normal,.,.,101.3,3,22.6,12.2,54.2,4.9,21.5,5.5,24.3,5.9,14.1,43.8,74.2,23.9,32.2,14.9,176,10.1,62,0,16,1,21,0,.,PN024,Pueblo Nuevo,8.914943 -79.972377 224.9110926255481 32,8.914943,-79.972377,8.914888026,-79.97220201,-79.972377,224.9110926
PN024-142,Neg,NA,M,"Alert, calm",.,Normal,Muzzle,Muzzle,102,3.5,19.2,10.9,57,3.7,19.3,4.6,23.7,0,17.4,0,71.2,0,0,16.2,0,0,54,0,16,10,17,1,2,PN024,Pueblo Nuevo,8.914943 -79.972377 224.9110926255481 32,8.914943,-79.972377,8.914888026,-79.97220201,-79.972377,224.9110926
PN024-143,0,0.25,M,"Alert, playful",180,Normal,.,.,102.7,4,14.9,12.8,86.2,1,6.7,1,7,4.31,10.7,43.7,101.5,24.8,24.5,15.4,244,9.6,44,0,40,6,10,0,.,PN024,Pueblo Nuevo,8.914943 -79.972377 224.9110926255481 32,8.914943,-79.972377,8.914888026,-79.97220201,-79.972377,224.9110926
PN025-144,Neg,2,M,Alert,88,Normal,.,.,101.7,3.5,0,0,0,0,0,0,0,0,0,0,0,0,0,0,0,0,0,0,0,0,0,0,.,PN025,Pueblo Nuevo,8.920123 -79.977489 276.45351756537207 24,8.920123,-79.977489,8.920252025,-79.97733702,-79.977489,276.4535176
PN025-145,0,2,M,Alert,72,Normal,.,.,102.7,4,23.3,14.7,62.9,3.2,13.8,5.4,23.3,6.28,14.8,45,71.7,23.6,32.9,15.6,155,0,43,0,24,3,29,0,1,PN025,Pueblo Nuevo,8.920123 -79.977489 276.45351756537207 24,8.920123,-79.977489,8.920252025,-79.97733702,-79.977489,276.4535176
PN026-146,Neg,99,M,Bright and alert,100,Normal,0,0,102.7,3,.,.,.,.,.,.,.,.,.,.,.,.,.,.,.,.,.,.,.,.,.,.,.,PN026,Pueblo Nuevo,8.912286 -79.976645 235.17755724496956 12,8.912286,-79.976645,8.912277985,-79.97645399,-79.976645,235.1775572
PN026-147,0,6,M,Very stressed,.,.,.,.,103.9,7,10.9,7.6,69.8,2.3,21.5,0.9,8.7,HIGH,16.7,.,67.6,.,.,17.2,HIGH,.,75,.,19,6,.,.,.,PN026,Pueblo Nuevo,8.912286 -79.976645 235.17755724496956 12,8.912286,-79.976645,8.912277985,-79.97645399,-79.976645,235.1775572
CA001-148,0,14,M,Alert,88,Normal,Muzzle,Muzzle,102.7,2,12.9,10,77.9,2.2,16.9,0.7,5.2,4.01,9,26.7,66.5,22.4,33.7,18,109,0,676,0,24,9,0,0,.,CA001,Ca帶zas,8.839678 -79.964523 262.07581398575167 24,8.839678,-79.964523,8.839874016,-79.96258898,-79.964523,262.075814
CA002-149,0,4,M,Very stressed,82,Normal,.,.,102.6,4,.,.,.,.,.,.,.,.,.,.,.,.,.,.,.,.,.,.,.,.,.,.,.,CA002,Ca帶zas,8.839543 -79.963716 214.08356096530096 48,8.839543,-79.963716,8.839397002,-79.96354703,-79.963716,214.083561
CA003-150,Light Pos,13,M,Alert,120,Normal,Muzzle,Muzzle,105.3,5,.,.,.,.,.,.,.,.,.,.,.,.,.,.,.,.,.,.,.,.,.,.,.,CA003,Ca帶zas,8.84161 -79.962213 217.30749217094223 48,8.84161,-79.962213,8.841618961,-79.96217902,-79.962213,217.3074922
CA004-151,Neg,3,M,Alert,.,.,Muzzle,Muzzle,102,2.5,.,.,.,.,.,.,.,.,.,.,.,.,.,.,.,.,.,.,.,.,.,.,.,CA004,Ca帶zas,8.839963 -79.964161 224.8772727988506 24,8.839963,-79.964161,8.839872004,-79.96442696,-79.964161,224.8772728
CA004-152,Neg,3,M,Alert,100,Normal,Muzzle,Muzzle,102,1,.,.,.,.,.,.,.,.,.,.,.,.,.,.,.,.,.,.,.,.,.,.,.,CA004,Ca帶zas,8.839963 -79.964161 224.8772727988506 24,8.839963,-79.964161,8.839872004,-79.96442696,-79.964161,224.8772728
CA005-153,Neg,NA,M,Alert,74,Normal,Normal,Normal,102.3,3,21.9,17.4,79.6,3.2,14.7,1.2,5.7,4.05,9,27.2,67.2,22.2,33.1,18.9,32,0,27,0,61,6,4,0,2,CA005,Ca帶zas,8.84 -79.964748 242.3376961278696 6,8.84,-79.964748,8.839830011,-79.96472997,-79.964748,242.3376961
CA006-154,Neg,7,M,Alert,88,.,Muzzle,Muzzle,101.4,4,18.2,9.9,54.5,3.7,20.6,4.5,24.9,4.23,9.5,26.4,62.4,22.5,36,17.9,87,0,47,1,33,3,16,0,.,CA006,Ca帶zas,8.839717 -79.964644 270 0,8.839717,-79.964644,8.839575034,-79.96468898,-79.964644,270
CA006-155,Neg,2,M,Alert,84,.,Muzzle,Muzzle,101.8,4,21.9,14,63.9,4.5,20.6,3.4,15.5,4.88,10.6,31.7,64.9,21.7,33.4,17.5,196,0,55,0,37,0,8,0,.,CA006,Ca帶zas,8.839717 -79.964644 270 0,8.839717,-79.964644,8.839575034,-79.96468898,-79.964644,270
CA007-156,Neg,0.4,M,Alert,80,Normal,0,0,105.3,5,15.4,9.3,60.4,2.6,17.1,3.5,22.5,4.37,10.5,29.8,68.1,24,35.2,14.9,388,12.2,45,3,25,10,16,0,1,CA007,,,,,,,,
CA007-157,Neg,0.3,M,Alert,128,Normal,0,0,102.3,3,14.7,11,74.7,2,13.7,1.7,11.6,5.35,11.8,32.9,61.5,22.1,35.9,19.6,331,0,40,0,43,12,5,0,.,CA007,,,,,,,,
CA007-158,Neg,2.7,M,Alert,88,Normal,0,0,101,2.75,20.2,9.3,45.9,3.9,19.5,7,34.6,5.6,12.7,36.5,65.1,22.7,34.8,16.5,130,0,43,0,24,4,29,0,.,CA007,,,,,,,,
CA008-159,0,3,F,Alert,82,Normal,Muzzle,Muzzle,102.3,5,25.6,21.8,85.2,2.1,8.2,1.7,6.6,6.1,13.8,37.9,62.1,22.6,36.4,17.4,167,0,36,0,59,3,2,0,.,CA008,Ca帶zas,8.838774 -79.963767 232.32249970336326 32,8.838774,-79.963767,8.838595022,-79.96385196,-79.963767,232.3224997
CA008-160,0,10,M,Alert,100,Normal,.,.,101.6,7,12.7,9.1,71.6,2.6,20.2,1,8.2,1.95,3.7,13.5,69,19,27.4,38.3,100,0,84,0,14,2,0,0,.,CA008,Ca帶zas,8.838774 -79.963767 232.32249970336326 32,8.838774,-79.963767,8.838595022,-79.96385196,-79.963767,232.3224997
CA009-161,Neg,1,M,"Alert, stressed",88,Normal,Muzzle,Muzzle,102.9,6,27.4,20.4,74.4,4.1,15,2.9,10.6,5.08,9.7,25.1,49.5,19.1,38.6,27.3,372,0,63,0,25,3,7,0,2,CA009,Ca帶zas,8.838571 -79.96416 231.33015056187148 24,8.838571,-79.96416,8.838601565,-79.96426647,-79.96416,231.3301506
CA009-162,0,9,M,NA,116,0,Muzzle,Muzzle,102.9,3,.,.,.,.,.,.,.,.,.,.,.,.,.,.,.,.,.,.,.,.,.,.,.,CA009,Ca帶zas,8.838571 -79.96416 231.33015056187148 24,8.838571,-79.96416,8.838601565,-79.96426647,-79.96416,231.3301506
CA010-163,Neg,NA,M,Alert,100,Normal,.,.,103.6,1,20.8,15,71.9,3.6,17.1,2.3,11,5.96,11.4,31.6,53.1,19.1,36.1,22.1,211,0,56,0,25,6,13,0,.,CA010,Ca帶zas,8.838254 -79.964535 255.58243428951377 16,8.838254,-79.964535,8.838182967,-79.964649,-79.964535,255.5824343
CA010-164,Neg,NA,F,Alert,84,Slightly labored,.,.,103.6,2,16.4,9.3,56.6,2.8,16.8,4.4,26.6,5.65,11.8,33.8,59.8,20.9,34.9,16.9,194,0,47,0,14,4,35,0,.,CA010,Ca帶zas,8.838254 -79.964535 255.58243428951377 16,8.838254,-79.964535,8.838182967,-79.964649,-79.964535,255.5824343
CA010-165,Neg,NA,F,Alert,114,Normal,.,.,.,2,21.8,14.3,65.8,3.1,14,4.4,20.2,5.51,11.1,31.7,57.5,20.1,35,18.4,184,0,50,0,19,3,28,0,.,CA010,Ca帶zas,8.838254 -79.964535 255.58243428951377 16,8.838254,-79.964535,8.838182967,-79.964649,-79.964535,255.5824343
CA010-166,Neg,99,F,Alert,124,Normal,Pale,Normal,103.7,1,.,.,.,.,.,.,.,.,.,.,.,.,.,.,.,.,.,.,.,.,.,.,.,CA010,Ca帶zas,8.838254 -79.964535 255.58243428951377 16,8.838254,-79.964535,8.838182967,-79.964649,-79.964535,255.5824343
CA011-167,Neg,7,M,Alert,76,Normal,Muzzle,Muzzle,103.6,4,13.7,6.5,47.8,3.8,27.8,3.3,24.4,5.46,13.5,36.5,66.9,24.7,37,17,118,0,66,0,19,0,15,0,.,CA011,Ca帶zas,8.838385 -79.964379 240.25898824716 48,8.838385,-79.964379,8.838276006,-79.964463,-79.964379,240.2589882
CA012-168,Neg,0.6,F,Alert,108,Normal,0,0,102.9,3.5,18.4,12.1,65.6,3.8,20.4,2.6,14,5.8,13.5,40.3,69.4,23.3,33.5,14.8,231,10,46,0,38,6,10,0,.,CA012,,,,,,,,
CA012-169,Neg,0.6,F,Alert,112,Normal,0,0,104.1,4.5,27.7,13.3,48.1,5.4,19.6,8.9,32.3,6.17,14.7,43.9,71.1,23.8,33.5,15.5,245,12,53,3,34,8,2,0,.,CA012,,,,,,,,
CA012-170,Neg,0.6,F,Alert,80,Normal,0,0,101.1,5,20.1,13.1,65.4,4.5,22.6,2.4,12,5.34,12.9,39,73,24.2,33.1,14.9,167,10.4,71,0,17,8,4,0,.,CA012,,,,,,,,
CA013-171,Neg,3,M,Alert,80,Normal,0,0,101.6,3.5,18,11,61.3,4,22.1,3,16.6,5.78,12.9,39.5,68.4,22.3,32.7,16.3,325,10.8,40,0,28,5,27,0,.,CA013,Ca帶zas,8.834391 -79.969689 292.832045432891 12,8.834391,-79.969689,8.834373979,-79.96959197,-79.969689,292.8320454
CA013-172,Neg,1.5,M,Alert,120,Normal,Little pale,Normal,104.1,3,20.8,12.6,60.4,3.9,18.7,4.3,20.9,6.6,14.8,43.6,66,22.4,33.9,17.8,180,.,32,4,34,5,25,.,.,CA013,Ca帶zas,8.834391 -79.969689 292.832045432891 12,8.834391,-79.969689,8.834373979,-79.96959197,-79.969689,292.8320454
CA013-173,Neg,NA,F,Alert,73,.,Muzzle,Muzzle,102.3,1,14.8,10.3,69.9,3.2,21.5,1.3,8.6,4.75,9.5,29.7,62.6,20,32,16,230,0,48,0,40,5,7,0,.,CA013,Ca帶zas,8.834391 -79.969689 292.832045432891 12,8.834391,-79.969689,8.834373979,-79.96959197,-79.969689,292.8320454
CA014-174,0,NA,M,Alert,100,Normal,.,.,103.3,3,19.2,9.6,49.9,4.3,22.6,5.3,27.5,4.5,9.1,27.9,62,20.2,32.6,18,76,0,45,0,19,1,35,0,.,CA014,Ca帶zas,8.838857 -79.963663 222.00781317386097 16,8.838857,-79.963663,8.83884497,-79.96353404,-79.963663,222.0078132
CA014-175,Neg,4,M,Alert,88,Normal,Normal,Normal,102.3,3,10.8,7.4,68.4,2.2,20.3,1.2,11.3,5.69,12.1,36.2,63.7,21.3,33.4,15.7,86,0,50,5,22,4,19,0,.,CA014,Ca帶zas,8.838857 -79.963663 222.00781317386097 16,8.838857,-79.963663,8.83884497,-79.96353404,-79.963663,222.0078132
CA015-176,Neg,3,M,Alert,120,Normal,Normal,Normal,100.7,4.5,9.1,6.1,66.9,1.4,15.6,1.6,17.5,5.65,12,35.1,62.2,21.2,34.2,16.9,54,0,51,0,28,4,17,0,.,CA015,,,,,,,,
CA015-177,0,0.25,M,Alert,132,Normal,Normal,Normal,99.9,2,19,10.8,57.1,5.3,27.9,2.8,15,4.54,9.4,28.2,62.2,20.7,33.3,15.8,15,0,43,0,38,10,7,1,1,CA015,,,,,,,,
CA016-178,Neg,99,F,Alert,125,Normal,0,0,102.2,1.5,.,.,.,.,.,.,.,.,.,.,.,.,.,.,.,.,.,.,.,.,.,.,.,CA016,,,,,,,,
CA016-179,Neg,10,M,"Alert, nervous",104,0,Normal,Normal,99.9,2,.,.,.,.,.,.,.,.,.,.,.,.,.,.,.,.,.,.,.,.,.,.,.,CA016,,,,,,,,
CA017-180,Neg,7,F,Alert,72,Normal,.,2,101.1,7,12.3,8,65.3,2,16.2,2.3,18.5,5.73,13.5,39.6,69.1,23.6,34.1,14.4,212,11.5,52,1,30,6,11,0,.,CA017,Ca帶zas,8.83763 -79.963123 177.4302657501756 12,8.83763,-79.963123,8.837513002,-79.963154,-79.963123,177.4302658
CA017-181,Neg,2,M,Alert,88,Normal,.,.,99.9,6,20.5,15.6,75.5,3.7,18.1,1.8,6.4,6.31,14,36.5,89.6,34.8,34.8,19.4,146,0,34,0,60,2,4,0,.,CA017,Ca帶zas,8.83763 -79.963123 177.4302657501756 12,8.83763,-79.963123,8.837513002,-79.963154,-79.963123,177.4302658
CA018-182,0,99,M,Alert,120,Normal,0,0,102.9,1,.,.,.,.,.,.,.,.,.,.,.,.,.,.,.,.,.,.,.,.,.,.,.,CA018,,,,,,,,
CA019-183,Neg,1.5,M,Nervous,120,Normal,Normal,Normal,102.4,1.7,20.1,12.1,60.2,3.4,17.1,4.6,22.7,5.73,12,36.6,63.8,20.9,32.8,16,282,0,39,0,46,0,15,0,.,CA019,Ca帶zas,8.837792 -79.962488 223.3619208873391 48,8.837792,-79.962488,8.837709976,-79.96265897,-79.962488,223.3619209
CA019-184,Light Pos,4,F,Alert,98,Normal,.,.,103.4,3,17.4,12.7,73,2.7,15.8,1.9,11.2,.,15.4,.,61.7,.,.,16.2,.,.,50,2,22,9,17,.,.,CA019,Ca帶zas,8.837792 -79.962488 223.3619208873391 48,8.837792,-79.962488,8.837709976,-79.96265897,-79.962488,223.3619209
CA020-185,Strong Pos,4.5,M,Alert,100,Normal,0,0,101.7,5,.,.,.,.,.,.,.,.,.,.,.,.,.,.,.,.,.,.,.,.,.,.,.,CA020,Ca帶zas,8.837169 -79.961155 168.70580062570997 8,8.837169,-79.961155,8.837193986,-79.96123698,-79.961155,168.7058006
CA021-186,Neg,0.3,M,Alert,120,Normal,Normal,Normal,102.5,3.5,15.7,13.3,84.4,1.9,12.4,0.5,3.2,4.71,10.4,30.3,64.4,22.1,34.3,16.4,297,0,63,0,31,4,2,0,.,CA021,,,,,,,,
CA022-187,Neg,5,F,Alert,140,Normal,Normal,Normal,103.1,3,11,7.5,68.5,2.1,18.8,1.4,12.7,5.22,10.8,32.3,61.9,20.7,33.4,17.3,37,0,57,1,26,5,11,0,.,CA022,Ca帶zas,8.835607 -79.960563 170.11421313938638 24,8.835607,-79.960563,8.835462034,-79.96067799,-79.960563,170.1142131
CA022-188,Neg,5,M,Alert,108,Normal,.,.,103.1,2,18.9,11.8,62.6,4.2,22.3,2.9,15.1,5.95,12.5,37.5,63,21,33.3,17.8,123,0,55,5,14,7,18,0,1,CA022,Ca帶zas,8.835607 -79.960563 170.11421313938638 24,8.835607,-79.960563,8.835462034,-79.96067799,-79.960563,170.1142131
CA023-189,Neg,2,M,Alert,94,Normal,0,0,101.7,5,14.1,10.1,71.7,2.7,19.4,1.3,8.9,5.71,12.3,36.4,63.7,21.5,33.8,17.6,15,0,51,0,41,4,4,0,.,CA023,,,,,,,,
CA023-190,Neg,0.7,F,Alert,136,Normal,Normal,Normal,103.1,3,19,13.2,69.7,3.7,19.4,2.1,10.9,5.49,11.8,33.5,61,21.5,35.2,17.9,394,0,39,0,52,4,5,0,.,CA023,,,,,,,,
CA023-191,0,0.7,F,Alert,120,Normal,0,0,102.9,2.5,16.2,11.5,70.9,3,18.6,1.7,10.5,5.19,10.4,30.6,59,20,34,19.7,60,0,44,0,44,9,3,0,.,CA023,,,,,,,,
CA023-192,Neg,2,F,Alert,74,Normal,Normal,Normal,103.1,4,25.6,21.2,82.7,3.4,13.3,1,4,5.71,12,34.7,60.8,21,34.6,18.8,34,0,19,0,75,6,0,0,.,CA023,,,,,,,,
CA024-193,Neg,7,M,Alert,60,Normal,.,.,101.6,3,13.2,6.7,50.4,2.8,21,3.8,28.6,5.72,13.5,35.6,62.2,23.6,37.9,16.8,142,0,53,0,34,4,9,0,.,CA024,Ca帶zas,8.834436 -79.960737 234.1034056520894 32,8.834436,-79.960737,8.834286975,-79.960753,-79.960737,234.1034057
CA024-194,very light Pos,0.333333333,M,Alert,64,Normal,Normal,Normal,101.6,3,14.9,9.7,65.1,3.4,22.9,1.8,12,4.71,11.6,29.4,62.4,24.6,39.5,16.2,258,0,55,1,21,21,0,1,1,CA024,Ca帶zas,8.834436 -79.960737 234.1034056520894 32,8.834436,-79.960737,8.834286975,-79.960753,-79.960737,234.1034057
CA024-195,0,5,F,Alert,98,Normal,.,.,100.4,4,34.9,24.2,69.3,7.3,20.8,3.5,9.9,5.83,12,31.5,54.1,20.6,38.1,18.3,189,0,54,1,35,5,5,0,.,CA024,Ca帶zas,8.834436 -79.960737 234.1034056520894 32,8.834436,-79.960737,8.834286975,-79.960753,-79.960737,234.1034057
CA024-196,Strong Pos,5,F,Alert,104.1,Normal,Normal,Normal,101.6,3,.,.,.,.,.,.,.,.,.,.,.,.,0,.,.,.,.,.,.,.,.,.,.,CA024,Ca帶zas,8.834436 -79.960737 234.1034056520894 32,8.834436,-79.960737,8.834286975,-79.960753,-79.960737,234.1034057
BB001-197,Neg,4,M,Alert,100,Normal,0,0,0,2,16.8,11.8,70.4,2.9,17,2.1,12.6,6.43,13.4,41,63.8,20.8,32.7,18.8,367,.,36,7,31,14,18,.,.,BB001,,,,,,,,
BB001-198,Neg,5,F,Alert,96,Normal,Normal,Normal,102.8,2,14.5,11.1,76.7,1.7,11.9,1.7,11.4,6.47,12.9,40.9,63.2,19.9,31.5,18.1,200,.,72,.,28,.,.,.,.,BB001,,,,,,,,
BB002-199,Pos,5,M,Alert,120,Normal,0,0,102.8,5,.,.,.,.,.,.,.,.,.,.,.,.,.,.,.,.,.,.,.,.,.,.,.,BB002,Bajo Bonito,8.721427 -80.058403 334.9179631575405 24,8.721427,-80.058403,8.721331023,-80.058069,-80.058403,334.9179632
BB002-200,Light Pos,6,M,Alert,116,Normal,0,0,100.8,4,13.1,8.9,68.3,2,15.4,2.1,16.3,6.96,15.8,48.9,70.3,22.7,32.3,17.2,424,9.5,54,.,22,10,14,.,.,BB002,Bajo Bonito,8.721427 -80.058403 334.9179631575405 24,8.721427,-80.058403,8.721331023,-80.058069,-80.058403,334.9179632
BB002-201,Light Pos,2,M,Alert,128,Normal,0,0,102.1,5,23.2,16.7,71.8,3.3,14.2,3.2,14,6.48,14.1,42.7,65.9,21.8,33,28.3,251,.,34,.,44,4,18,.,.,BB002,Bajo Bonito,8.721427 -80.058403 334.9179631575405 24,8.721427,-80.058403,8.721331023,-80.058069,-80.058403,334.9179632
BB002-202,Neg,3,M,Alert,100,Normal,Pink,Normal,100.8,3,14.3,11.2,78,1.8,12.9,1.3,9.1,6.4,14,44.8,70,21.9,31.3,18.1,214,.,44,4,40,10,2,.,.,BB002,Bajo Bonito,8.721427 -80.058403 334.9179631575405 24,8.721427,-80.058403,8.721331023,-80.058069,-80.058403,334.9179632
BB003-203,Neg,10,M,Alert,88,Normal,Normal,Normal,100.1,8,.,.,.,.,.,.,.,.,.,.,.,.,.,.,.,.,.,.,.,.,.,.,.,BB003,Bajo Bonito,8.721521 -80.058467 374.4241916540138 24,8.721521,-80.058467,8.721562028,-80.05826002,-80.058467,374.4241917
BB003-204,Light Pos,5,M,Alert,120,Normal,.,.,100.8,3,.,.,.,.,.,.,.,.,.,.,.,.,.,.,.,.,.,.,.,.,.,.,.,BB003,Bajo Bonito,8.721521 -80.058467 374.4241916540138 24,8.721521,-80.058467,8.721562028,-80.05826002,-80.058467,374.4241917
BB004-205,0,1,F,Alert,72,Normal,Pink and moist,Normal,101.9,6,17.8,14.2,79.5,2.5,14.2,1.1,6.3,5.61,13.4,39.7,70.7,23.9,33.8,13.9,434,10.1,78,.,14,6,2,.,.,BB004,Bajo Bonito,0,8.721653,-80.058016,8.721808959,-80.05823898,-80.058016,325
BB005-206,Light Pos,2.5,M,Alert,84,Normal,Normal,Normal,102.1,3,12.8,8.9,69.7,2.2,17.5,1.6,12.8,5.58,12.7,39.5,70.8,22.8,32.2,15.8,81,.,62,.,20,3,13,.,2,BB005,,,,,,,,
BB006-207,0,1,F,Alert,132,Normal,Pale,0,103.5,5,.,.,.,.,.,.,.,.,.,.,.,.,.,.,.,.,.,.,.,.,.,.,.,BB006,Bajo Bonito,8.722132 -80.05747 434.58568431614407 16,8.722132,-80.05747,8.722314974,-80.05786699,-80.05747,434.5856843
BB007-208,Light Pos,4,M,Alert,88,Normal,Normal,Normal,101.2,8,.,.,.,.,.,.,.,.,.,.,.,.,.,.,.,.,.,.,.,.,.,.,.,BB007,Bajo Bonito,8.720896 -80.058944 350.4670583920167 8,8.720896,-80.058944,8.720896002,-80.05902202,-80.058944,350.4670584
BB008-209,Neg,2,F,Alert,100,Normal,0,0,102.6,1.5,.,.,.,.,.,.,.,.,.,.,.,.,.,.,.,.,.,.,.,.,.,.,.,BB008,Bajo Bonito,8.719804 -80.058774 438.0090398520938 32,8.719804,-80.058774,8.719666963,-80.05889696,-80.058774,438.0090399
BB008-210,Neg,2,M,Alert,96,Normal,Normal,Normal,101.2,4,24.6,11.2,45.7,4.7,19,8.7,35.3,5.34,12.2,37.2,69.7,22.8,32.8,17.8,350,8.3,38,.,22,2,38,.,.,BB008,Bajo Bonito,8.719804 -80.058774 438.0090398520938 32,8.719804,-80.058774,8.719666963,-80.05889696,-80.058774,438.0090399
BB009-211,Light Pos,5,M,Alert,96,Normal,Muzzle,Muzzle,101.7,4,24.8,15.4,62.2,4.2,17,5.2,20.8,6.52,13.5,39.5,60.6,20.7,34.2,18.7,215,.,42,.,26,2,30,.,.,BB009,Bajo Bonito,8.717603 -80.059196 202.25253653132214 32,8.717603,-80.059196,8.718023021,-80.05908203,-80.059196,202.2525365
BB009-212,Light Pos,3,M,Alert,100,Normal,Muzzle,Muzzle,102.5,3,24.2,10.7,44.3,4.8,20,8.6,35.7,4.81,11.2,31.6,65.8,23.3,35.4,17.3,268,.,62,.,20,0,18,.,.,BB009,Bajo Bonito,8.717603 -80.059196 202.25253653132214 32,8.717603,-80.059196,8.718023021,-80.05908203,-80.059196,202.2525365
BB009-214,Light Pos,13,M,"Alert, angry",92,Normal,Normal,Normal,102.1,3,18.2,12,66.2,3.7,20.1,2.5,13.7,5.49,11.4,31.3,57.1,20.8,36.4,17.5,400,.,73,2,23,2,.,.,.,BB009,Bajo Bonito,8.717603 -80.059196 202.25253653132214 32,8.717603,-80.059196,8.718023021,-80.05908203,-80.059196,202.2525365
BB010-213,Neg,2,M,Alert,108,Normal,0,0,101.2,4,9.6,4.8,49.9,2.4,25.4,2.4,24.7,.,15.3,.,57.2,.,.,16.9,.,.,63,.,28,4,4,.,1,BB010,Bajo Bonito,8.717142 -80.059071 0 0,8.717142,-80.059071,8.717067987,-80.05938596,-80.059071,0
BB011-215,Neg,10,M,Alert,72,Normal/panting,Muzzle,Muzzle,102.4,6,15.4,8.5,55.2,3.7,24,3.2,20.8,.,19.3,.,69.3,.,.,16.3,.,.,30,.,58,6,6,.,.,BB011,Bajo Bonito,8.725535 -80.055199 489.0735093279525 48,8.725535,-80.055199,0,0,-80.055199,489.0735093
BB010-216,Light Pos,4,M,Alert,116,Normal,0,0,102.1,7,15.8,10.8,68.2,2.8,17.5,2.3,14.3,6.56,13.3,35.4,54,20.3,37.6,20.1,178,.,46,.,40,4,10,.,.,BB010,Bajo Bonito,8.717142 -80.059071 0 0,8.717142,-80.059071,8.717067987,-80.05938596,-80.059071,0
BB012-217,Light Pos,5,M,Alert,108,Normal,Normal,Normal,106.6,2,18.8,12.4,65.8,3.7,19.5,2.8,14.7,6.99,16.2,44.2,63.3,23.2,36.7,16.6,336,.,76,.,19,4,1,.,.,BB012,Bajo Bonito,8.717142 -80.059071 393.49590625939345 32,8.717142,-80.059071,8.716764981,-80.06018702,-80.059071,393.4959063
BB012-218,Neg,3,M,Alert,104,Normal,Normal,Normal,103,3,14.1,7.9,56.1,3.3,23.5,2.9,20.4,6.1,14.2,39,64,23.3,36.4,16.8,67,.,48,.,42,5,5,.,.,BB012,Bajo Bonito,8.717142 -80.059071 393.49590625939345 32,8.717142,-80.059071,8.716764981,-80.06018702,-80.059071,393.4959063
BB013-219,Light Pos,4,M,Alert,104,Normal,0,0,101,4,16.8,12,71.2,2.5,15,2.3,13.8,6.42,14.4,40.4,63,22.4,35.6,15.3,271,.,46,.,36,8,10,.,.,BB013,Bajo Bonito,8.713496 -80.058645 489 0,8.713496,-80.058645,8.714389969,-80.05898103,-80.058645,489
BB014-220,Light Pos,,,,,,,,,,,,,,,,,,,,,,,,,,,,,,,,,,,,,,,,,
BB014-221,Light Pos,3.5,F,Alert,100,0,0,0,101.7,5,18.3,11.5,62.9,3.7,20.2,3.1,16.9,6.12,13.7,38.7,63.2,22.4,35.4,14.7,259,.,54,.,34,1,11,.,.,BB014,Bajo Bonito,8.713345 -80.058976 431.6732259119273 16,8.713345,-80.058976,8.713039979,-80.05897298,-80.058976,431.6732259
BB014-222,Neg,6,M,"Alert, a little scared",100,Normal,Normal,Normal,101,3,10.7,5.6,52.8,2,18.4,3.1,28.8,.,16.6,.,64.8,.,.,15.6,.,.,67,.,17,5,21,.,.,BB014,Bajo Bonito,8.713345 -80.058976 431.6732259119273 16,8.713345,-80.058976,8.713039979,-80.05897298,-80.058976,431.6732259
BB015-223,Neg,1,M,"Alert, nervous",104,Normal,Normal,Normal,101.4,3,20.2,13.1,64.7,4.4,22,2.7,13.3,5.44,12,34.5,63.4,22.1,34.8,16.3,217,.,35,.,46,4,15,.,.,BB015,Bajo Bonito,8.706874 -80.057204 531.77 0,8.706874,-80.057204,8.70673201,-80.05721396,-80.057204,531.77
BB015-224,Light Pos ,5,M,Alert,108,Normal,0,0,101.4,4,12,8.5,70.6,1.9,15.9,1.6,13.5,6.61,14.4,40.3,61,21.8,35.7,17.5,274,.,60,2,33,2,3,.,.,BB015,Bajo Bonito,8.706874 -80.057204 531.77 0,8.706874,-80.057204,8.70673201,-80.05721396,-80.057204,531.77
BB015-225,Neg,2,F,"Alert, a little nervous",128,0,Normal,Normal,102.5,2,17.4,12.1,69.8,3.2,18.4,2.1,11.8,6.7,15.1,42.3,63.2,22.5,35.7,18.9,178,.,47,.,42,3,6,.,2,BB015,Bajo Bonito,8.706874 -80.057204 531.77 0,8.706874,-80.057204,8.70673201,-80.05721396,-80.057204,531.77
BB016-226,Neg,3,M,Alert,82,Normal,0,0,101,2,10.9,8.8,80.8,1.3,11.8,0.8,7.4,6.05,14.1,42.5,70.3,23.3,33.2,14.8,328,9.8,43,.,49,4,4,.,.,BB016,Bajo Bonito,8.709026 -80.058578 477.4003 0,8.709026,-80.058578,8.708994035,-80.05864802,-80.058578,477.4003
BB016-227,Pos,3.5,F,Alert,78,Normal,Normal,Normal,101.5,2.5,26.8,18.7,69.7,5.2,19.5,2.9,10.8,5.73,12.6,35.1,61.8,22,35.9,15.5,487,.,65,3,25,2,5,.,.,BB016,Bajo Bonito,8.709026 -80.058578 477.4003 0,8.709026,-80.058578,8.708994035,-80.05864802,-80.058578,477.4003
BB016-228,Neg,3,M,Alert,116,Normal,0,0,102,2,20.3,15.2,75,3.2,15.6,1.9,9.4,6.06,12.9,36.2,59.7,21.3,35.6,17.4,665,.,43,.,50,2,3,.,2,BB016,Bajo Bonito,8.709026 -80.058578 477.4003 0,8.709026,-80.058578,8.708994035,-80.05864802,-80.058578,477.4003
BB016-229,Very light Pos,3,M,"Alert, nervous",88,Normal,Normal,Normal,102.2,3,24.9,19.6,78.8,3.5,14.2,1.7,7,6.12,12.9,36,58.8,21.1,35.8,17.1,648,.,58,.,28,9,5,.,.,BB016,Bajo Bonito,8.709026 -80.058578 477.4003 0,8.709026,-80.058578,8.708994035,-80.05864802,-80.058578,477.4003
BB016-230,Neg,1,M,"Alert, nervous",80,0,Normal,Normal,102.4,1.5,14.1,10.4,74,2.3,16,1.4,10,5.32,11.4,29.2,54.9,19.5,35.6,17.1,259,.,65,1,26,3,5,.,.,BB016,Bajo Bonito,8.709026 -80.058578 477.4003 0,8.709026,-80.058578,8.708994035,-80.05864802,-80.058578,477.4003
BB017-231,Neg,5,M,Alert,120,Normal,0,0,100.7,1,9.7,4.5,46.1,3,31.4,2.2,22.5,4.44,8.5,21.2,47.8,19.1,40.1,.,404,.,78,.,17,.,5,.,.,BB017,Bajo Bonito,8.708844 -80.057395 493 0,8.708844,-80.057395,8.708793037,-80.05722896,-80.057395,493
BB017-232,0,1.5,M,Alert,80,Normal,Normal,Normal,104.2,3,11.3,6.3,55.8,3,26.4,2,17.8,5.57,13.1,35,62.9,23.5,37.4,16.9,70,.,57,.,35,5,3,.,.,BB017,Bajo Bonito,8.708844 -80.057395 493 0,8.708844,-80.057395,8.708793037,-80.05722896,-80.057395,493
BB018-233,Neg,0.5,F,Alert,112,Normal,0,0,102.5,2,30.7,15.5,50.4,7.5,24.3,7.8,25.3,5.7,12.9,36,63.1,22.6,35.8,16.4,340,.,47,.,26,7,20,.,.,BB018,Bajo Bonito,0,0,0,8.709416986,-80.05668598,0,0
BB018-234,0,0.8,M,Alert,104,Normal,Normal,Normal,102.2,1,10.4,6,57.3,2.2,21.6,2.2,21.1,5.58,12.6,34.9,62.5,22.6,36.1,15.6,83,.,57,.,33,3,7,.,.,BB018,Bajo Bonito,0,0,0,8.709416986,-80.05668598,0,0
BB018-235,Neg,1,F,Alert,124,Normal,0,0,100.9,1.5,18.2,9.4,51.9,3.5,19.3,5.2,28.8,6.2,14.3,39.6,63.9,23.1,36.1,14.5,232,.,40,.,46,4,8,.,2,BB018,Bajo Bonito,0,0,0,8.709416986,-80.05668598,0,0
BB018-236,Neg,12,M,Alert,170,Normal,Normal,Normal,102.2,6,18.3,9,49.1,4.2,23,5.1,27.9,.,17.3,.,64.4,.,.,17.4,.,.,63,.,27,1,9,.,.,BB018,Bajo Bonito,0,0,0,8.709416986,-80.05668598,0,0
BB018-237,Neg,1,F,Alert,108,Normal,0,0,100.1,2,13.3,7.9,59.1,2.6,19.5,2.8,21.4,5.8,13.8,38.2,65.9,23.8,36.1,15.8,272,8.2,48,4,43,2,2,.,1,BB018,Bajo Bonito,0,0,0,8.709416986,-80.05668598,0,0
BB018-238,Neg,10,F,Alert,92,Normal,Normal,Normal,98.8,2.5,22.3,12.1,54.2,6.1,27.4,4.1,18.4,5.98,12.8,35.3,59.1,21.4,36.3,16.5,587,.,66,.,18,5,11,.,.,BB018,Bajo Bonito,0,0,0,8.709416986,-80.05668598,0,0
BB019-239,Neg,10,F,Alert,85,Normal,0,0,100.8,2,14.1,9,64,3.2,22.4,1.9,13.6,6.4,13.4,36.9,57.7,20.9,36.3,18.1,604,.,63,2,29,3,3,.,.,BB019,,,,,,,,
BB019-240,Neg,1,M,A little depressed,92,Normal,Normal,Normal,101.3,1,20,11.4,57.2,4.4,22,4.2,20.8,5.16,11.1,30.5,59.1,21.5,36.4,17.5,301,.,46,.,21,10,23,.,.,BB019,,,,,,,,
BB020-241,Neg,6,F,Alert,84,0,0,0,99.8,2,17.4,12.5,71.9,2.8,16.2,2.1,11.9,5.2,11.2,33.3,64,21.5,33.6,15,795,10.2,48,2,32,2,12,.,4,BB020,,,,,,,,
BB020-242,Neg,3,M,Alert,68,Normal,Normal,Normal,100.4,2.5,17.7,10.9,61.4,3.4,19.3,3.4,19.3,6.59,15.2,41.9,63.6,23.1,36.3,15,259,.,59,3,33,2,3,.,.,BB020,,,,,,,,
BB021-243,Neg,9,M,Alert,96,Normal,0,0,101.5,6.5,19.3,11.3,58.6,4.7,24.5,3.3,16.9,6.43,14.8,41,63.5,23.1,36.1,15.8,334,.,81,.,15,4,.,.,.,BB021,Bajo Bonito,8.718654 -80.058535 0 0,8.718654,-80.058535,8.718722994,-80.05838399,-80.058535,0
PN27-148,0,,,,,,,,,,,,,,,,,,,,,,,,,,,,,,,,,,,,,,,,,
PN28-149,0,,,,,,,,,,,,,,,,,,,,,,,,,,,,,,,,,,,,,,,,,
CA25-246,Very Light Pos,,,,,,,,,,,,,,,,,,,,,,,,,,,,,,,,,,,,,,,,,
CA26-247,0,,,,,,,,,,,,,,,,,,,,,,,,,,,,,,,,,,,,,,,,,
CA27-248,Neg,,,,,,,,,,,,,,,,,,,,,,,,,,,,,,,,,,,,,,,,,
CA28-249,Neg,,,,,,,,,,,,,,,,,,,,,,,,,,,,,,,,,,,,,,,,,
CA29-250,Neg,,,,,,,,,,,,,,,,,,,,,,,,,,,,,,,,,,,,,,,,,
CA30-251,Very light Pos,,,,,,,,,,,,,,,,,,,,,,,,,,,,,,,,,,,,,,,,,
CA30-252,Pos,,,,,,,,,,,,,,,,,,,,,,,,,,,,,,,,,,,,,,,,,
CA30-253,Neg,,,,,,,,,,,,,,,,,,,,,,,,,,,,,,,,,,,,,,,,,
CA30-254,0,,,,,,,,,,,,,,,,,,,,,,,,,,,,,,,,,,,,,,,,,
CA31-255,Neg,,,,,,,,,,,,,,,,,,,,,,,,,,,,,,,,,,,,,,,,,
CA31-256,Neg,,,,,,,,,,,,,,,,,,,,,,,,,,,,,,,,,,,,,,,,,
CA31-257,Neg,,,,,,,,,,,,,,,,,,,,,,,,,,,,,,,,,,,,,,,,,
CA32-258,Neg,,,,,,,,,,,,,,,,,,,,,,,,,,,,,,,,,,,,,,,,,
CA32-259,Neg,,,,,,,,,,,,,,,,,,,,,,,,,,,,,,,,,,,,,,,,,
CA33-260,0,,,,,,,,,,,,,,,,,,,,,,,,,,,,,,,,,,,,,,,,,
CA33-261,0,,,,,,,,,,,,,,,,,,,,,,,,,,,,,,,,,,,,,,,,,
CA34-262,Neg,,,,,,,,,,,,,,,,,,,,,,,,,,,,,,,,,,,,,,,,,
CA34-263,Neg,,,,,,,,,,,,,,,,,,,,,,,,,,,,,,,,,,,,,,,,,
CA34-264,Neg,,,,,,,,,,,,,,,,,,,,,,,,,,,,,,,,,,,,,,,,,
CA34-265,0,,,,,,,,,,,,,,,,,,,,,,,,,,,,,,,,,,,,,,,,,
BB22A,Neg,,,,,,,,,,,,,,,,,,,,,,,,,,,,,,,,,,,,,,,,,
BB22B,Neg,,,,,,,,,,,,,,,,,,,,,,,,,,,,,,,,,,,,,,,,,
BB22C,Neg,,,,,,,,,,,,,,,,,,,,,,,,,,,,,,,,,,,,,,,,,
BB23B,Neg,,,,,,,,,,,,,,,,,,,,,,,,,,,,,,,,,,,,,,,,,
BB23C,Neg,,,,,,,,,,,,,,,,,,,,,,,,,,,,,,,,,,,,,,,,,
BB23A,Neg,,,,,,,,,,,,,,,,,,,,,,,,,,,,,,,,,,,,,,,,,
BB24A,Neg,,,,,,,,,,,,,,,,,,,,,,,,,,,,,,,,,,,,,,,,,
BB24B,0,,,,,,,,,,,,,,,,,,,,,,,,,,,,,,,,,,,,,,,,,
BB25A,Neg,,,,,,,,,,,,,,,,,,,,,,,,,,,,,,,,,,,,,,,,,
BB26A,Neg,,,,,,,,,,,,,,,,,,,,,,,,,,,,,,,,,,,,,,,,,
BB26B,0,,,,,,,,,,,,,,,,,,,,,,,,,,,,,,,,,,,,,,,,,
BB26C,Neg,,,,,,,,,,,,,,,,,,,,,,,,,,,,,,,,,,,,,,,,,
BB11A,Neg,,,,,,,,,,,,,,,,,,,,,,,,,,,,,,,,,,,,,,,,,
2016,0,,,,,,,,,,,,,,,,,,,,,,,,,,,,,,,,,,,,,,,,,
AP001-301,0,2.5,F,Depressed,114,Normal,Normal,Normal,105.7,2.5,7.98,0.79,10,1.14,14.2,6.05,75.8,6.38,14.3,40.34,63,22.4,35.5,15.5,36,12.9,74,2,22,2,0,.,.,AP001,Altos de Pacora,0,9.244933333,-79.3487,9.244939,-79.348692,-79.3487,0
AP002-302,Neg,3,F,BAR,90,Normal,Normal,Normal,101.1,2,.,.,.,.,.,.,.,.,.,.,.,.,.,.,.,.,.,.,.,.,.,.,.,AP002,Altos de Pacora,0,9.244833333,-79.34871667,9.244903709,-79.34865829,-79.34871667,0
AP002-303,0,3.5,M,BAR,100,Normal,Normal,Normal,101.8,4,.,.,.,.,.,.,.,.,.,.,.,.,.,.,.,.,.,.,.,.,.,.,.,AP002,Altos de Pacora,0,9.244833333,-79.34871667,9.244903709,-79.34865829,-79.34871667,0
AP003-304,Neg,6,M,slightly depressed,104,Normal,pale,Normal,102,3,10.35,2.91,28.1,1.51,14.6,5.93,57.3,4.43,9.4,24.75,56,21.3,38.1,18.9,107,14.6,63,0,30,2,5,.,.,AP003,Altos de Pacora,9.246297 -79.350399 833.7999877929688 96,9.246297,-79.350399,9.246386686,-79.35041269,-79.350399,833.7999878
AP003-305,Neg,0,M,BAR,96,Normal,Normal,Normal,101.5,5.5,9.86,2.63,26.7,1.55,15.7,5.68,57.6,5.34,11.8,33.63,63,22.2,35.2,16.5,58,13.4,44,0,52,2,0,.,2,AP003,Altos de Pacora,9.246297 -79.350399 833.7999877929688 96,9.246297,-79.350399,9.246386686,-79.35041269,-79.350399,833.7999878
AP004-306,Neg,6,M,QAR,76,Normal,Normal,Normal,101.8,6.5,27.11,24.55,90.6,1.67,6.2,0.89,3.3,6.75,16.2,45.4,67,23.9,35.6,16.3,47,12.4,20,0,74,6,0,.,.,AP004,Altos de Pacora,0,9.2966,-79.35105,9.246606,-79.351045,-79.35105,0
AP004-307,Neg,4,F,QAR,114,Normal,pale,Normal,101.8,5,2.07,0.36,17.5,0.02,0.8,1.69,81.7,4.3,9.6,27.59,64,22.3,34.7,16.9,8,13,75,0,18,5,1,.,1,AP004,Altos de Pacora,0,9.2966,-79.35105,9.246606,-79.351045,-79.35105,0
AP005-308,Neg,99,M,QAR,120,Normal,Normal,Normal,103.1,4,19.68,11.41,58,2.76,14,5.51,28,7.36,18,50.14,58,24.5,35.9,15.4,79,10.1,28,0,65,7,0,.,.,AP004,Altos de Pacora,0,9.2966,-79.35105,9.246606,-79.351045,-79.35105,0
AP005-309,Neg,8,M,BAR,120,Normal,Normal,Normal,102.2,2.5,17.33,13.63,78.7,1.75,10.1,1.95,11.3,2.98,6.4,17.74,60,21.6,36.3,17.3,28,13.3,60,0,32,8,0,.,.,AP005,Altos de Pacora,9.252337 -79.352476 851.5 96,9.252337,-79.352476,9.252588,-79.3521,-79.352476,851.5
AP005-310,Neg,8,F,BAR,100,Normal,Normal,Normal,102.1,1,13.77,10.37,75.3,1.42,10.3,1.98,14.4,5.44,12,33.87,62,22.1,35.5,16,146,9,20,0,75,5,0,.,.,AP005,Altos de Pacora,9.252337 -79.352476 851.5 96,9.252337,-79.352476,9.252588,-79.3521,-79.352476,851.5
AP006-311,Neg,1.5,M,QAR,80,Normal,Normal,Normal,101.4,3,17.01,11.7,68.8,3.17,18.6,2.14,12.6,4.88,11.4,31.85,65,23.4,35.8,15,28,11.4,61,0,30,5,4,.,.,AP006,Altos de Pacora,0,9.2538,-79.3517,9.253805,-79.351694,-79.3517,0
AP006-312,Neg,3,F,QAR,132,Normal,Normal,Normal,104.1,3,9.7,1.87,19.3,2.11,21.7,5.72,59,6.22,14,39.13,63,22.5,35.8,16.5,43,14,73,0,20,2,5,.,.,AP006,Altos de Pacora,0,9.2538,-79.3517,9.253805,-79.351694,-79.3517,0
AP007-313,Neg,3,M,depressed,120,Normal,Normal,Normal,102,1.5,18.42,12.84,69.7,3.73,69.7,1.85,10,6,13.5,37.63,63,22.5,35.8,16,92,10.3,70,0,20,4,6,.,.,AP007,Altos de Pacora,9.2516 -79.353212 801.2999877929688 15.5,9.2516,-79.353212,9.251303,-79.353272,-79.353212,801.2999878
AP008-314,Neg,99,F,QAR,132,Normal,Slightly pale,Normal,104.7,0.5,24.5,17.19,70.2,4.56,18.6,2.76,11.2,2.67,6.6,17.54,66,24.8,37.7,15.9,46,10.8,81,0,15,4,0,.,.,AP008,Altos de Pacora,0,9.2499,-79.35251667,9.249895,-79.352516,-79.35251667,0
AP008-315,Neg,9.5,M,depressed,92,slightly labored,Normal/ a bit pale,Normal,103.5,1.5,14.98,10.99,73.3,2.84,18.9,1.16,7.7,4.03,9.9,26.99,67,24.7,36.8,15.9,58,8.6,71,0,25,21,0,.,.,AP008,Altos de Pacora,0,9.2499,-79.35251667,9.249895,-79.352516,-79.35251667,0
AP008-316,Neg,.,F,moderately depressed,80,slightly labored,Normal,Normal,102.6,1.5,.,.,.,.,.,.,.,.,.,.,.,.,.,.,.,.,.,.,.,.,.,.,.,AP008,Altos de Pacora,0,9.2499,-79.35251667,9.249895,-79.352516,-79.35251667,0
AP008-317,Neg,.,F,QAR,137,Normal,Normal,Normal,103.6,1,19.92,15.02,75.4,3.17,15.9,1.73,8.7,3.04,7.1,19.92,65,23.3,35.5,15.5,74,9.9,66,0,30,4,0,.,.,AP008,Altos de Pacora,0,9.2499,-79.35251667,9.249895,-79.352516,-79.35251667,0
AP008-318,Neg,.,F,Slighty depressed,0,Normal,Normal,Normal,102.9,1,.,.,.,.,.,.,.,.,.,.,.,.,.,.,.,.,.,.,.,.,.,.,.,AP008,Altos de Pacora,0,9.2499,-79.35251667,9.249895,-79.352516,-79.35251667,0
AP009-319,Neg,1,M,Normal,72,0,Normal,0,102.2,2.5,52.47,17.51,33.4,3.57,6.8,31.38,59.8,33.06,70.4,203.82,62,21.3,34.5,17.3,1009,10,72,20,4,4,0,.,.,AP009,Altos de Pacora,9.250336 -79.352765 673 19,9.250336,-79.352765,9.250378,-79.352476,-79.352765,673
AP010-321,Neg,1,M,slightly depressed,100,Normal,Slightly pale,Normal,102.2,1.5,16.08,9.06,56.3,2.48,15.4,4.54,28.2,4.34,10.1,31.49,73,23.4,32.2,18.4,33,12.5,80,0,10,6,4,.,.,AP010,Altos de Pacora,0,0,0,9.250233926,-79.3519875,0,0
AP010-322,Neg,2,M,Normal,92,Normal,Normal,Normal,101.2,2.5,18.35,10.36,56.4,1.64,8.9,6.36,34.6,5.82,12.9,41.21,71,22.1,31.3,16.7,207,10.8,63,0,27,6,4,.,.,AP010,Altos de Pacora,0,0,0,9.250233926,-79.3519875,0,0
AP010-323,Neg,1,F,slightly depressed,102,Normal,pale,Normal,101.6,1,12.07,9.39,77.7,1.81,15,0.88,7.3,3.76,9.4,30.51,81,25,30.8,19.6,6,13.7,26,0,67,4,3,.,.,AP010,Altos de Pacora,0,0,0,9.250233926,-79.3519875,0,0
AP011-320,Neg,1,F,Normal,80,40,Normal,Normal,102.4,3.5,16.87,7.08,42,3.37,20,6.41,38,5.95,12.3,38,64,20.8,32.5,19,355,8.2,50,0,40,10,0,.,.,AP011,,,,,,,,
AP012-324,Neg,3,F,Normal,118,slightly labored,slightly pale,Normal,102,2,26.69,19.28,72.2,2.42,9.1,4.99,18.7,4.59,10.6,32.52,71,23.1,32.6,16.5,196,11.8,64,0,28,4,4,.,.,AP012,Altos de Pacora,9.249564 -79.352086 786.7999877929688 17.5,9.249564,-79.352086,9.249528,-79.351986,-79.352086,786.7999878
AP012-325,Neg,1,M,Normal,140,N,Normal,Normal,101,0,18.4,6.13,33.3,4.68,25.4,7.59,41.2,6.02,13.6,44.72,74,22.6,30.4,19.1,325,8.7,62,0,30,5,3,.,.,AP012,Altos de Pacora,9.249564 -79.352086 786.7999877929688 17.5,9.249564,-79.352086,9.249528,-79.351986,-79.352086,786.7999878
AP013-326,Very light Pos ,5,M,depressed,85,24,Normal,Normal,103.2,1,30.48,24.64,80.8,1.82,6,4.03,13.2,3.36,7.8,23.36,70,23.2,33.4,19.3,236,10.2,84,0,14,2,0,.,.,AP013,Altos de Pacora,9.245737 -79.350473 788.7000122070312 31,9.245737,-79.350473,9.2456,-79.35055,-79.350473,788.7000122
AP014-327,Neg,3.5,F,Normal,80,24,Normal,Normal,102.8,6,6.84,1.26,18.4,0.74,10.8,4.85,70.9,5.9,13.5,38.68,66,22.9,35,15.9,77,10.1,78,0,20,2,0,.,.,AP014,Altos de Pacora,9.245278 -79.350083 853.5999755859375 28.5,9.245278,-79.350083,9.245222,-79.349779,-79.350083,853.5999756
AP015-328,Neg,0,M,slightly depressed,160,Normal,pale,Normal,100.8,2,3.89,0.16,4.1,0.15,3.9,3.58,92,0.89,2.4,6.29,71,27.1,38.3,20,6,12.8,95,2,2,1,0,.,.,AP015,Altos de Pacora,9.243886 -79.349042 841.2000122070312 31,9.243886,-79.349042,9.244337,-79.349389,-79.349042,841.2000122
AP015-329,Neg,3,M,QAR,92,Normal,Normal,Normal,100.6,3,16.77,2.86,17.1,2.17,13,11.73,70,5.57,12.2,34.22,61,21.9,35.6,16.5,157,10,58,0,26,4,12,.,.,AP015,Altos de Pacora,9.243886 -79.349042 841.2000122070312 31,9.243886,-79.349042,9.244337,-79.349389,-79.349042,841.2000122
AP016-330,Neg,2,M,Normal,72,60,Normal,Normal,101.7,4,8.7,0.46,5.3,0.36,4.1,7.88,90.6,5.11,11.2,31.81,62,22,35.3,15.7,113,10,83,1,14,2,0,.,.,AP016,Altos de Pacora,9.244909 -79.34992 831.9000244140625 96,9.244909,-79.34992,9.244891,-79.349889,-79.34992,831.9000244
AP016-331,Neg,1,M,Normal,52,12,Normal,Normal,101.2,3,.,.,.,.,.,.,.,.,.,.,.,.,.,.,.,.,.,.,.,.,.,.,.,AP016,Altos de Pacora,9.244909 -79.34992 831.9000244140625 96,9.244909,-79.34992,9.244891,-79.349889,-79.34992,831.9000244
AP016-332,Light Pos,5,M,depressed,112,72,Normal,Normal,103.9,1,.,.,.,.,.,.,.,.,.,.,.,.,.,.,.,.,.,.,.,.,.,.,.,AP016,Altos de Pacora,9.244909 -79.34992 831.9000244140625 96,9.244909,-79.34992,9.244891,-79.349889,-79.34992,831.9000244
AP017-333,Neg,1,M,QAR,92,Normal,slightly pale,Normal,101.4,2,9.99,0.9,9,1.31,13.1,7.78,77.9,6.73,14.6,41.94,62,21.7,34.8,15.5,97,8.2,72,0,25,2,1,.,.,AP017,Altos de Pacora,9.243885 -79.349617 899.9000244140625 16,9.243885,-79.349617,9.243947,-79.349877,-79.349617,899.9000244
SC001-500,Light Pos,10,M,Normal,96,Normal,Normal,Poco palido,101.8,5,9.15,4.17,45.6,1.5,16.3,3.49,38.1,4.39,9.9,27.08,62,22.5,36.5,16,67,8.4,56,0,30,10,4,.,.,SC001,Superacion Campesino,9.16718 -79.151743 63.29999923706055 16,9.16718,-79.151743,9.167109,-79.151667,-79.151743,63.29999924
SC001-501,Neg,5,M,Normal,104,Normal,Normal,poquito palido,103,3,18.91,2.26,12,1.69,8.9,14.96,79.1,5.38,11.9,33.23,62,22.2,35.9,16.5,105,10.1,66,0,30,4,0,.,.,SC001,Superacion Campesino,9.16718 -79.151743 63.29999923706055 16,9.16718,-79.151743,9.167109,-79.151667,-79.151743,63.29999924
SC002-600,Neg,3,F,Normal,80,70,Normal,Normal,101.6,3.5,9.39,2.29,24.4,2.78,29.6,4.32,46,3.75,8.6,24.75,66,22.8,34.6,17.7,149,11.6,64,0,31,4,1,.,.,SC002,Superacion Campesino,9.166585 -79.151337 53.20000076293945 10.5,9.166585,-79.151337,9.166869,-79.151365,-79.151337,53.20000076
SC002-601,Neg,99,M,Normal,84,Normal,Normal,Normal,101.9,4,17.64,5.25,29.7,2.04,11.5,10.36,58.7,5.28,11.9,31.53,60,22.5,37.7,16.3,129,8.3,54,0,30,5,11,.,.,SC002,Superacion Campesino,9.166585 -79.151337 53.20000076293945 10.5,9.166585,-79.151337,9.166869,-79.151365,-79.151337,53.20000076
SC003-502,Neg,4,M,Normal,0,Normal,Normal,poquito palido,101.8,3.5,9.64,0.99,10.2,0.25,2.6,8.41,87.2,5.45,11.9,33.32,61,21.8,35.7,16.3,12,13.4,76,2,12,2,8,.,.,SC003,Superacion Campesino,9.16483 -79.149944 50.70000076293945 10.5,9.16483,-79.149944,9.164636,-79.149802,-79.149944,50.70000076
SC004-602,Light Pos ,7,M,Normal,68,Normal,Normal,Normal,101.4,3.5,9.92,3.86,38.9,2.36,23.8,3.7,37.3,4.38,10.2,29.19,67,23.3,34.9,15.5,4,9.7,42,0,44,10,4,.,.,SC004,Superacion Campesino,9.164683 -79.150276 20.799999237060547 12.5,9.164683,-79.150276,9.164797,-79.150278,-79.150276,20.79999924
SC005-503,Neg,10,M,Normal,100,Normal,Normal,Normal,102.9,6,9.5,1.11,11.7,7.31,77,1.07,11.3,4.03,9.1,24.82,62,22.6,36.6,16.5,55,14,73,0,24,2,1,.,.,SC005,Superacion Campesino,9.165061 -79.149398 48.099998474121094 12,9.165061,-79.149398,9.165081,-79.149597,-79.149398,48.09999847
SC006-603,Neg,4,M,Normal,80,Normal,Normal,Normal,103.2,4,11.34,1.7,15,1.87,16.5,7.77,68.5,5.32,11.1,29.97,56,20.9,37.2,18.5,95,9.2,32,0,60,2,6,.,.,SC006,Superacion Campesino,9.163783 -79.149197 27.799999237060547 15.5,9.163783,-79.149197,9.164035,-79.14942,-79.149197,27.79999924
SC007-504,Very light Pos ,3,M,Normal,104,Normal,Normal,Normal,101.9,3,16.75,3.31,19.7,0.99,5.9,12.45,74.3,6.19,13,36.09,58,21,36,19.9,105,14.5,68,0,23,3,4,.,2,SC007,Superacion Campesino,9.164617 -79.149027 30.600000381469727 10.5,9.164617,-79.149027,9.164523,-79.149055,-79.149027,30.60000038
SC008-604,Neg,7,M,Normal,48,Normal,Normal,Normal,101.4,1.5,13.76,6.17,44.9,2.81,20.4,4.78,34.7,4.68,10.6,29.77,64,22.7,35.7,16.2,75,8.8,52,0,41,4,3,.,.,SC008,Superacion Campesino,9.164251 -79.148418 3.200000047683716 10,9.164251,-79.148418,9.164248,-79.148383,-79.148418,3.200000048
SC009-505,Very light Pos ,1,M,Normal,128,Normal,slightly pale,Normal,101.4,4,6.86,0,0.1,0.33,4.9,6.52,95.1,4.08,9.1,25.7,63,22.3,35.4,18.5,65,10.6,86,0,14,0,0,.,.,SC009,Superacion Campesino,0,9.18765,-79.16953333,9.18765,-79.169534,-79.16953333,0
SC010-605,Very light Pos ,4,M,Normal (nervous),100,40,pale,Normal,103.2,6,.,.,.,.,.,.,.,.,.,.,.,.,.,.,.,.,.,.,.,.,.,.,.,SC010,Superacion Campesino,9.163501 -79.149794 3.700000047683716 10.5,9.163501,-79.149794,9.163529,-79.149187,-79.149794,3.700000048
SC010-606,Neg,4,F,Normal (nervous),108,96,Normal,Normal,101.4,6,12.68,6.75,53.2,1.47,11.6,4.46,35.2,6.78,16.1,45.17,67,23.7,35.6,15,66,8.8,56,0,28,12,4,.,.,SC010,Superacion Campesino,9.163501 -79.149794 3.700000047683716 10.5,9.163501,-79.149794,9.163529,-79.149187,-79.149794,3.700000048
SC011-506,Very light Pos ,2,M,scared,.,Normal,.,.,.,3.5,21.71,10.74,49.5,1.7,7.8,9.27,42.7,4.9,10.7,30.32,62,21.9,35.3,17.9,61,12,37,0,54,5,4,.,.,SC011,Superacion Campesino,0,9.18265,-79.17081667,9.182651,-79.170809,-79.17081667,0
SC012-607,Very light Pos ,3,F,Normal,80,40,pale,Normal,102,5.5,6.13,3.22,52.6,1.41,23,1.5,24.4,4.24,8.9,25.47,60,21,34.9,17.8,47,12.5,35,0,60,3,2,.,.,SC012,Superacion Campesino,9.164289 -79.148123 1.399999976158142 16,9.164289,-79.148123,9.164424,-79.147976,-79.148123,1.399999976
SC013-507,Very light Pos ,1,F,Normal,76,Normal,Normal,Normal,100.9,3,6.8,2.18,32,1.33,19.6,3.29,48.4,5.11,9.7,26.43,52,19,36.6,19.7,130,17.3,77,0,19,3,1,.,.,SC013,Superacion Campesino,0,9.180233333,-79.16885,9.180227,-79.16885,-79.16885,0
SC013-508,Neg,0,F,Normal,146,Normal,Normal,Normal,103.5,2.5,7.11,0.76,10.6,1.19,16.8,5.16,72.6,2.66,5.3,14.42,54,20,36.9,19.9,54,15.6,68,0,30,2,0,.,.,SC013,Superacion Campesino,0,9.180233333,-79.16885,9.180227,-79.16885,-79.16885,0
SC014-608,Neg,1,M,Normal,92,32,Normal,Normal,102.5,1,8.6,0.89,10.4,0.79,9.2,6.92,80.4,3.54,7.1,20.28,57,20.2,35.2,18.7,62,9,80,0,13,4,3,.,.,SC014,Superacion Campesino,9.164176 -79.147694 6.900000095367432 23,9.164176,-79.147694,9.164458,-79.147664,-79.147694,6.900000095
SC014-609,Very light Pos ,3,F,Normal,80,20,Normal,Normal,101.5,3,6.74,1.31,19.4,0.81,12.1,4.62,68.5,6.21,14.6,41.17,66,23.5,35.5,15.7,138,9.9,68,28,4,0,0,.,.,SC014,Superacion Campesino,9.164176 -79.147694 6.900000095367432 23,9.164176,-79.147694,9.164458,-79.147664,-79.147694,6.900000095
SC014-610,Neg,3,F,Normal,60,Normal,Normal,Normal,102.1,1,16.97,11.2,66,4.33,25.5,1.43,8.4,6.3,14,37.94,60,22.3,37,16.3,334,8,37,0,60,2,1,.,.,SC014,Superacion Campesino,9.164176 -79.147694 6.900000095367432 23,9.164176,-79.147694,9.164458,-79.147664,-79.147694,6.900000095
SC015-509,Neg,6,F,Normal,96,Normal,Normal,Normal,101.1,5,5.1,0.53,10.4,0.8,15.6,3.77,74,7.78,16.4,44.77,58,21.1,36.6,16.6,91,11.8,65,0,22,4,9,.,.,SC015,Superacion Campesino,0,9.164466667,-79.14755,9.164464,-79.147555,-79.14755,0
SC015-510,Neg ,7,M,Normal,88,Normal,Normal,Normal,101.4,5,13.63,2.72,20,1.89,13.8,9.03,66.2,5.88,14.3,39.56,67,24.3,36.2,15.7,60,11.6,58,0,30,6,4,.,2,SC015,Superacion Campesino,0,9.164466667,-79.14755,9.164464,-79.147555,-79.14755,0
SC016-611,Neg,1,F,Normal,96,24,Normal,Normal,101.5,4,29.76,4.55,15.3,3.41,11.5,21.8,73.3,4.94,11.6,30.45,62,23.5,38.1,15.5,61,8.6,48,0,40,6,6,.,.,SC016,Superacion Campesino,9.16351 -79.148683 -50 22,9.16351,-79.148683,9.16318,-79.148788,-79.148683,-50
TP001-334,Neg,1,F,QAR,100,Normal,Normal,Normal,102.2,4.5,11.56,3.22,27.9,1.74,15.1,6.6,57,5.36,11.1,31.96,60,20.7,34.7,17.3,64,8.1,60,0,34,4,2,.,.,TP001,Tierra Promitida,9.154261 -79.208866 -78.0999984741211 22.5,9.154261,-79.208866,9.154044,-79.209591,-79.208866,-78.09999847
TP001-335,Neg,0,M,QAR,112,Normal,slightly pale,Normal,103.7,2.5,6.96,2.73,39.3,3.03,43.5,1.2,17.2,3.91,8,23.73,61,20.5,33.7,18.2,27,13.7,66,0,28,6,0,.,.,TP001,Tierra Promitida,9.154261 -79.208866 -78.0999984741211 22.5,9.154261,-79.208866,9.154044,-79.209591,-79.208866,-78.09999847
TP001-336,Neg,1,M,QAR,140,Normal,Normal,Normal,102.9,2.5,7.93,0.55,6.9,0.63,8,6.75,85.1,4.28,8.5,25.01,58,19.8,33.8,16.6,17,13.8,76,0,20,4,0,.,.,TP001,Tierra Promitida,9.154261 -79.208866 -78.0999984741211 22.5,9.154261,-79.208866,9.154044,-79.209591,-79.208866,-78.09999847
TP001-337,Neg,0.75,F,Normal,96,Normal,slightly pale,Normal,101.9,2.5,10.09,3.78,37.5,2.17,21.5,4.14,41.1,4.85,9.9,31.98,66,20.4,31,17.1,11,11.3,45,0,49,4,2,.,.,TP001,Tierra Promitida,9.154261 -79.208866 -78.0999984741211 22.5,9.154261,-79.208866,9.154044,-79.209591,-79.208866,-78.09999847
TP002-338,Neg,1.5,F,Normal,88,24,Normal,Normal,100.5,4,14.46,5.2,36,1.11,7.7,8.15,56.3,6.52,12.5,34.78,53,19.1,35.8,18.4,78,8.8,54,0,40,6,0,.,.,TP002,Tierra Promitida,9.153142 -79.210943 62 15.5,9.153142,-79.210943,9.153178,-79.210883,-79.210943,62
TP003-339,Neg,1.1,M,QAR,104,Normal,Normal,Normal,102.5,2,10.27,3.2,31.2,0.73,7.1,6.34,61.7,5.04,10.8,30.15,60,21.4,35.8,19.1,83,13.9,72,0,20,6,2,.,.,TP003,Tierra Promitida,9.164044 -79.208151 -23.700000762939453 15,9.164044,-79.208151,9.164289,-79.208248,-79.208151,-23.70000076
TP003-340,Neg,0,M,Normal,120,Normal,moderately pale,Normal,102.6,2.5,8.7,0.83,9.5,0.52,6,7.35,84.5,3.6,7.4,20.79,58,20.4,35.4,18.6,20,15.5,70,0,28,2,0,.,.,TP003,Tierra Promitida,9.164044 -79.208151 -23.700000762939453 15,9.164044,-79.208151,9.164289,-79.208248,-79.208151,-23.70000076
TP003-341,Neg,4,M,Normal,104,Normal,Normal,Normal,100.5,3.5,13.58,6.08,44.8,2.28,16.8,5.22,38.4,5.05,11.8,35.19,70,23.4,33.6,15.9,126,11.7,76,0,16,2,6,.,.,TP003,Tierra Promitida,9.164044 -79.208151 -23.700000762939453 15,9.164044,-79.208151,9.164289,-79.208248,-79.208151,-23.70000076
TP004-342,Light Pos,,,,,,,,,,,,,,,,,,,,,,,,,,,,,,,,,,,,,,,,,
TP004-400,Neg,8,F,Normal,108,32,Normal,Normal,103.2,3.5,20.13,5.49,27.3,2.7,13.4,11.94,59.3,4.31,10.4,26.76,62,24.1,38.8,14.5,306,8.1,70,0,26,4,0,.,.,TP004,Tierra Promitida,9.166368 -79.20746 119.5 12.5,9.166368,-79.20746,9.166355,-79.207554,-79.20746,119.5
TP005-343,0,13,M,Normal,126,Normal,Normal,Normal,101.2,3.5,.,.,.,.,.,.,.,.,.,.,.,.,.,.,.,.,.,.,.,.,.,.,.,TP005,Tierra Promitida,9.162911 -79.209964 110.69999694824219 19,9.162911,-79.209964,9.163265949,-79.21022783,-79.209964,110.6999969
TP005-344,Neg,2,M,Normal,100,Normal,Normal,Normal,100.9,3,9.74,1.54,15.8,1.21,12.4,7,71.8,7.24,15.3,41.82,58,21.1,36.5,17.9,90,14.6,60,0,30,2,8,.,.,TP005,Tierra Promitida,9.162911 -79.209964 110.69999694824219 19,9.162911,-79.209964,9.163265949,-79.21022783,-79.209964,110.6999969
TP005-345,Neg,2,M,Normal,118,Normal,Normal,Normal,101.1,5,11.49,3.69,32.1,1.54,13.4,6.26,54.5,5.39,11.8,32.06,60,21.9,36.7,17.3,49,13.9,69,0,22,6,3,.,.,TP005,Tierra Promitida,9.162911 -79.209964 110.69999694824219 19,9.162911,-79.209964,9.163265949,-79.21022783,-79.209964,110.6999969
